{"DifferentialEvolution": [8.18057807952, 5.121940397753333, 2.7009187110233333, 1.90296134499, 1.0698389254699998, 0.58787640975, 0.2884651330133333, 0.08281216870666668, 0.03511359257333334, 0.005364005876666665], "CuckooSearch": [8.349069318896664, 4.786190635086666, 3.189659430926667, 2.4477868479766665, 1.8250782581600002, 1.5498206522800002, 1.2134531648199998, 1.0920056578633333, 0.8186168219333332, 0.5945419066766665]}