{"DifferentialEvolution": [2582.0582884445266, 284.71914409824996, 44.69078212004665, 31.68182310898, 10.834725811370001, 4.885659726766668, 3.2245988855966674, 2.29246649915, 1.1383338332633335, 0.9396795860299999], "CuckooSearch": [4170.941534755099, 407.0743889546633, 63.45010334325668, 12.218379284466668, 6.077957589319997, 2.645007997399999, 2.289075037676667, 1.2056350014933337, 1.095035822673333, 0.6620740180533334]}