{"DifferentialEvolution": [188.30500038977, 37.404116299436666, 6.439165941250001, 1.0846555717766664, 0.31025079045666676, 0.04241005155333334, 0.006875521206666667, 0.0016450174266666665, 0.0003206102599999999, 5.636535333333333e-05], "CuckooSearch": [197.53417311561, 38.15258456024333, 10.338303176620002, 2.319149839813333, 0.8683371289599999, 0.25464417040333326, 0.07334335999666668, 0.024842386863333333, 0.008171504946666665, 0.002526538756666666]}